user_genome	classification	fastani_reference	fastani_reference_radius	fastani_taxonomy	fastani_ani	fastani_af	closest_placement_reference	closest_placement_radius	closest_placement_taxonomy	closest_placement_ani	closest_placement_af	pplacer_taxonomy	classification_method	note	other_related_references(genome_id,species_name,radius,ANI,AF)	aa_percent	translation_table	red_value	warnings
1227482.3.patric.fna	d__Archaea;p__Halobacteriota;c__Halobacteria;o__Halobacteriales;f__Haloferacaceae;g__Halorubrum;s__Halorubrum lipolyticum	GCF_000337375.1	95.0	d__Archaea;p__Halobacteriota;c__Halobacteria;o__Halobacteriales;f__Haloferacaceae;g__Halorubrum;s__Halorubrum lipolyticum	100.0	1.0	GCF_000337375.1	95.0	d__Archaea;p__Halobacteriota;c__Halobacteria;o__Halobacteriales;f__Haloferacaceae;g__Halorubrum;s__Halorubrum lipolyticum	100.0	1.0	d__Archaea;p__Halobacteriota;c__Halobacteria;o__Halobacteriales;f__Haloferacaceae;g__Halorubrum;s__	taxonomic classification defined by topology and ANI	topological placement and ANI have congruent species assignments	GCF_000337355.1, s__Halorubrum kocurii, 95.0, 91.3, 0.72; GCF_003781945.1, s__Halorubrum sp003781945, 95.0, 90.48, 0.71; GCF_000337915.1, s__Halorubrum saccharovorum, 95.0, 90.41, 0.68; GCF_000739595.1, s__Halorubrum halophilum, 95.0, 90.39, 0.7; GCF_004114995.1, s__Halorubrum sp004114995, 95.0, 90.1, 0.67; GCF_002286985.1, s__Halorubrum sp002286985, 95.0, 90.06, 0.71; GCF_000022205.1, s__Halorubrum lacusprofundi, 95.0, 89.77, 0.7; GCF_002727125.1, s__Halorubrum persicum, 95.0, 89.69, 0.66; GCF_003721435.1, s__Halorubrum sp003721435, 95.0, 87.75, 0.69; GCF_001261915.1, s__Halorubrum sp001261915, 95.0, 87.31, 0.65; GCF_002252755.1, s__Halorubrum sp002252755, 95.0, 87.29, 0.67; GCF_003990725.1, s__Halorubrum sp003990725, 95.0, 87.13, 0.79; GCF_000336995.1, s__Halorubrum aidingense, 95.0, 86.24, 0.73; GCF_000337335.1, s__Halorubrum distributum, 95.0, 86.09, 0.68; GCF_002355655.1, s__Halorubrum trapanicum, 95.0, 86.09, 0.7; GCF_003666015.1, s__Halorubrum sp003666015, 95.0, 85.96, 0.66; GCF_000296615.1, s__Halorubrum sp000296615, 95.0, 85.89, 0.69; GCF_005435165.1, s__Halorubrum sp005435165, 95.0, 85.67, 0.67; GCF_001280455.1, s__Halorubrum tropicale, 95.0, 85.67, 0.65; GCF_900111935.1, s__Halorubrum sodomense, 95.0, 85.54, 0.71; GCF_000336875.1, s__Halorubrum californiense, 95.0, 85.51, 0.62; GCF_000337075.1, s__Halorubrum hochstenium, 95.23, 85.48, 0.72; GCF_000337415.1, s__Halorubrum tebenquichense, 95.23, 85.47, 0.66; GCF_000337035.1, s__Halorubrum coriense, 95.0, 85.46, 0.63; GCF_002114285.1, s__Halorubrum ezzemoulense, 95.0, 85.12, 0.62; GCF_004114375.1, s__Halorubrum sp004114375, 95.0, 84.8, 0.62; GCA_003023405.1, s__Halorubrum sp003023405, 95.0, 84.4, 0.75; GCF_000746205.1, s__Halorubrum sp000746205, 95.0, 84.36, 0.65; GCF_001542905.1, s__Halorubrum aethiopicum, 95.0, 83.67, 0.61; GCF_002252985.1, s__Halorubrum halodurans, 95.0, 83.54, 0.58; GCF_900182635.1, s__Halorubrum cibi, 95.0, 83.31, 0.62; GCA_001564205.1, s__Halorubrum sp001564205, 95.0, 83.3, 0.69; GCF_003697845.1, s__Halorubrum sp003697845, 95.0, 83.28, 0.59; GCF_003287355.1, s__Halorubrum sp003287355, 95.0, 83.1, 0.58; GCA_000496175.1, s__Halorubrum sp000496175, 95.0, 81.4, 0.57; GCA_003554605.1, s__Halorubrum sp003554605, 95.0, 79.91, 0.58; GCF_900188065.1, s__Halorubrum vacuolatum, 95.0, 79.89, 0.44	97.29	11	N/A	N/A
662478.6.patric.fna	d__Archaea;p__Halobacteriota;c__Halobacteria;o__Halobacteriales;f__Haloferacaceae;g__Haloferax;s__Haloferax denitrificans	GCF_000337795.1	96.93	d__Archaea;p__Halobacteriota;c__Halobacteria;o__Halobacteriales;f__Haloferacaceae;g__Haloferax;s__Haloferax denitrificans	100.0	1.0	GCF_000337795.1	96.93	d__Archaea;p__Halobacteriota;c__Halobacteria;o__Halobacteriales;f__Haloferacaceae;g__Haloferax;s__Haloferax denitrificans	100.0	1.0	d__Archaea;p__Halobacteriota;c__Halobacteria;o__Halobacteriales;f__Haloferacaceae;g__Haloferax;s__	taxonomic classification defined by topology and ANI	topological placement and ANI have congruent species assignments	GCF_000337835.1, s__Haloferax sulfurifontis, 96.93, 96.93, 0.87; GCF_001368915.1, s__Haloferax massiliensis, 95.28, 94.81, 0.87; GCF_001469875.2, s__Haloferax sp001469875, 95.0, 94.06, 0.81; GCF_000025685.1, s__Haloferax volcanii, 95.0, 93.92, 0.83; GCF_001482285.1, s__Haloferax sp001482285, 95.0, 93.62, 0.81; GCF_000336775.1, s__Haloferax gibbonsii, 96.83, 93.51, 0.82; GCF_000336815.1, s__Haloferax prahovense, 96.83, 93.29, 0.81; GCF_000337815.1, s__Haloferax mucosum, 95.0, 84.63, 0.71; GCF_000306765.2, s__Haloferax mediterranei, 95.0, 84.45, 0.63; GCF_000336955.1, s__Haloferax larsenii, 95.0, 84.02, 0.62; GCF_001469865.1, s__Haloferax sp001469865, 95.0, 83.91, 0.7; GCF_000336755.1, s__Haloferax elongans, 95.0, 83.77, 0.62	97.81	11	N/A	N/A
1930022.4.patric.fna	d__Archaea;p__Halobacteriota;c__Methanomicrobia;o__Methanomicrobiales;f__Methanocorpusculaceae;g__Methanocorpusculum;s__Methanocorpusculum sp001940805	GCA_001940805.1	95.0	d__Archaea;p__Halobacteriota;c__Methanomicrobia;o__Methanomicrobiales;f__Methanocorpusculaceae;g__Methanocorpusculum;s__Methanocorpusculum sp001940805	100.0	1.0	GCA_001940805.1	95.0	d__Archaea;p__Halobacteriota;c__Methanomicrobia;o__Methanomicrobiales;f__Methanocorpusculaceae;g__Methanocorpusculum;s__Methanocorpusculum sp001940805	100.0	1.0	d__Archaea;p__Halobacteriota;c__Methanomicrobia;o__Methanomicrobiales;f__Methanocorpusculaceae;g__Methanocorpusculum;s__	taxonomic classification defined by topology and ANI	topological placement and ANI have congruent species assignments	GCA_002498375.1, s__Methanocorpusculum sp002498375, 95.0, 77.83, 0.2; GCF_000015765.1, s__Methanocorpusculum labreanum, 95.0, 77.76, 0.18; GCA_003315675.1, s__Methanocorpusculum sp003315675, 95.0, 77.52, 0.19; GCA_002506085.1, s__Methanocorpusculum sp002506085, 95.0, 77.44, 0.16; GCF_002287215.1, s__Methanocorpusculum parvum, 95.0, 77.25, 0.2	77.42	11	N/A	N/A
CosteaPI_2017__mickey2-11-30-0__bin_69.fa	d__Archaea;p__Thermoplasmatota;c__Thermoplasmata;o__Methanomassiliicoccales;f__Methanomethylophilaceae;g__Methanomethylophilus;s__Methanomethylophilus alvus	GCF_000300255.2	95.0	d__Archaea;p__Thermoplasmatota;c__Thermoplasmata;o__Methanomassiliicoccales;f__Methanomethylophilaceae;g__Methanomethylophilus;s__Methanomethylophilus alvus	99.05	0.95	GCF_000300255.2	95.0	d__Archaea;p__Thermoplasmatota;c__Thermoplasmata;o__Methanomassiliicoccales;f__Methanomethylophilaceae;g__Methanomethylophilus;s__Methanomethylophilus alvus	99.05	0.95	d__Archaea;p__Thermoplasmatota;c__Thermoplasmata;o__Methanomassiliicoccales;f__Methanomethylophilaceae;g__Methanomethylophilus;s__	taxonomic classification defined by topology and ANI	topological placement and ANI have congruent species assignments	GCA_002503545.1, s__Methanomethylophilus sp002503545, 95.0, 83.41, 0.75; GCF_001481295.1, s__Methanomethylophilus sp001481295, 95.0, 79.95, 0.44; GCF_000350305.1, s__Methanomethylophilus sp000350305, 95.0, 79.9, 0.44; GCF_001560915.1, s__Methanomethylophilus sp001560915, 95.0, 79.52, 0.4; GCA_002495325.1, s__Methanomethylophilus sp002495325, 95.0, 77.65, 0.2	93.33	11	N/A	N/A
1262903.3.patric.fna	d__Archaea;p__Thermoplasmatota;c__Thermoplasmata;o__Methanomassiliicoccales;f__Methanomethylophilaceae;g__Methanomethylophilus;s__Methanomethylophilus alvus	GCF_000300255.2	95.0	d__Archaea;p__Thermoplasmatota;c__Thermoplasmata;o__Methanomassiliicoccales;f__Methanomethylophilaceae;g__Methanomethylophilus;s__Methanomethylophilus alvus	99.02	0.92	GCF_000300255.2	95.0	d__Archaea;p__Thermoplasmatota;c__Thermoplasmata;o__Methanomassiliicoccales;f__Methanomethylophilaceae;g__Methanomethylophilus;s__Methanomethylophilus alvus	99.02	0.92	d__Archaea;p__Thermoplasmatota;c__Thermoplasmata;o__Methanomassiliicoccales;f__Methanomethylophilaceae;g__Methanomethylophilus;s__	taxonomic classification defined by topology and ANI	topological placement and ANI have congruent species assignments	GCA_002503545.1, s__Methanomethylophilus sp002503545, 95.0, 83.25, 0.78; GCF_000350305.1, s__Methanomethylophilus sp000350305, 95.0, 79.95, 0.44; GCF_001481295.1, s__Methanomethylophilus sp001481295, 95.0, 79.93, 0.44; GCF_001560915.1, s__Methanomethylophilus sp001560915, 95.0, 79.64, 0.4; GCA_002495325.1, s__Methanomethylophilus sp002495325, 95.0, 77.68, 0.2	93.21	11	N/A	N/A
BritoIL_2016__W3_22_ST__bin_129.fa	d__Archaea;p__Thermoplasmatota;c__Thermoplasmata;o__Methanomassiliicoccales;f__Methanomethylophilaceae;g__UBA71;s__UBA71 sp006954465	GCA_006954465.1	95.0	d__Archaea;p__Thermoplasmatota;c__Thermoplasmata;o__Methanomassiliicoccales;f__Methanomethylophilaceae;g__UBA71;s__UBA71 sp006954465	96.61	0.86	GCA_006954465.1	95.0	d__Archaea;p__Thermoplasmatota;c__Thermoplasmata;o__Methanomassiliicoccales;f__Methanomethylophilaceae;g__UBA71;s__UBA71 sp006954465	96.61	0.86	d__Archaea;p__Thermoplasmatota;c__Thermoplasmata;o__Methanomassiliicoccales;f__Methanomethylophilaceae;g__UBA71;s__	taxonomic classification defined by topology and ANI	topological placement and ANI have congruent species assignments	GCA_002506425.1, s__UBA71 sp002506425, 95.0, 82.97, 0.64; GCA_002504495.1, s__UBA71 sp002504495, 95.0, 81.03, 0.47; GCA_006954425.1, s__UBA71 sp006954425, 95.0, 80.79, 0.5; GCA_002504405.1, s__UBA71 sp002504405, 95.0, 80.22, 0.42	93.56	11	N/A	N/A
SRS476144_87.hgm.fna	d__Archaea;p__Thermoplasmatota;c__Thermoplasmata;o__Methanomassiliicoccales;f__Methanomethylophilaceae;g__UBA71;s__UBA71 sp006954465	GCA_006954465.1	95.0	d__Archaea;p__Thermoplasmatota;c__Thermoplasmata;o__Methanomassiliicoccales;f__Methanomethylophilaceae;g__UBA71;s__UBA71 sp006954465	95.23	0.77	GCA_006954465.1	95.0	d__Archaea;p__Thermoplasmatota;c__Thermoplasmata;o__Methanomassiliicoccales;f__Methanomethylophilaceae;g__UBA71;s__UBA71 sp006954465	95.23	0.77	d__Archaea;p__Thermoplasmatota;c__Thermoplasmata;o__Methanomassiliicoccales;f__Methanomethylophilaceae;g__UBA71;s__	taxonomic classification defined by topology and ANI	topological placement and ANI have congruent species assignments	GCA_002506425.1, s__UBA71 sp002506425, 95.0, 82.73, 0.55; GCA_002504495.1, s__UBA71 sp002504495, 95.0, 80.65, 0.42; GCA_006954425.1, s__UBA71 sp006954425, 95.0, 80.38, 0.44; GCA_002504405.1, s__UBA71 sp002504405, 95.0, 79.75, 0.37	88.19	11	N/A	N/A
1915675.3.patric.fna	d__Archaea;p__Thermoplasmatota;c__Thermoplasmata;o__Methanomassiliicoccales;f__Methanomethylophilaceae;g__UBA71;s__UBA71 sp002504495	GCA_002504495.1	95.0	d__Archaea;p__Thermoplasmatota;c__Thermoplasmata;o__Methanomassiliicoccales;f__Methanomethylophilaceae;g__UBA71;s__UBA71 sp002504495	100.0	0.98	GCA_002504495.1	95.0	d__Archaea;p__Thermoplasmatota;c__Thermoplasmata;o__Methanomassiliicoccales;f__Methanomethylophilaceae;g__UBA71;s__UBA71 sp002504495	100.0	0.98	d__Archaea;p__Thermoplasmatota;c__Thermoplasmata;o__Methanomassiliicoccales;f__Methanomethylophilaceae;g__UBA71;s__	taxonomic classification defined by topology and ANI	topological placement and ANI have congruent species assignments	GCA_002506425.1, s__UBA71 sp002506425, 95.0, 81.13, 0.45; GCA_006954465.1, s__UBA71 sp006954465, 95.0, 80.91, 0.45; GCA_006954425.1, s__UBA71 sp006954425, 95.0, 79.54, 0.39; GCA_002504405.1, s__UBA71 sp002504405, 95.0, 79.19, 0.35	82.4	11	N/A	N/A
VogtmannE_2016__MMRS88581325ST-27-0-0__bin_5.fa	d__Archaea;p__Thermoplasmatota;c__Thermoplasmata;o__Methanomassiliicoccales;f__Methanomethylophilaceae;g__UBA71;s__UBA71 sp006954425	GCA_006954425.1	95.0	d__Archaea;p__Thermoplasmatota;c__Thermoplasmata;o__Methanomassiliicoccales;f__Methanomethylophilaceae;g__UBA71;s__UBA71 sp006954425	98.11	0.92	GCA_006954425.1	95.0	d__Archaea;p__Thermoplasmatota;c__Thermoplasmata;o__Methanomassiliicoccales;f__Methanomethylophilaceae;g__UBA71;s__UBA71 sp006954425	98.11	0.92	d__Archaea;p__Thermoplasmatota;c__Thermoplasmata;o__Methanomassiliicoccales;f__Methanomethylophilaceae;g__UBA71;s__	taxonomic classification defined by topology and ANI	topological placement and ANI have congruent species assignments	GCA_002504405.1, s__UBA71 sp002504405, 95.0, 82.02, 0.58; GCA_006954465.1, s__UBA71 sp006954465, 95.0, 81.24, 0.49; GCA_002506425.1, s__UBA71 sp002506425, 95.0, 80.44, 0.52; GCA_002504495.1, s__UBA71 sp002504495, 95.0, 79.56, 0.4	96.33	11	N/A	N/A
CosteaPI_2017__mickey2-11-30-0__bin_66.fa	d__Archaea;p__Thermoplasmatota;c__Thermoplasmata;o__Methanomassiliicoccales;f__Methanomethylophilaceae;g__MX-02;s__MX-02 sp006954405	GCA_006954405.1	95.0	d__Archaea;p__Thermoplasmatota;c__Thermoplasmata;o__Methanomassiliicoccales;f__Methanomethylophilaceae;g__MX-02;s__MX-02 sp006954405	98.95	0.93	GCA_006954405.1	95.0	d__Archaea;p__Thermoplasmatota;c__Thermoplasmata;o__Methanomassiliicoccales;f__Methanomethylophilaceae;g__MX-02;s__MX-02 sp006954405	98.95	0.93	d__Archaea;p__Thermoplasmatota;c__Thermoplasmata;o__Methanomassiliicoccales;f__Methanomethylophilaceae;g__;s__	taxonomic classification defined by topology and ANI	topological placement and ANI have congruent species assignments	N/A	95.75	11	N/A	N/A
SRS476187_2.hgm.fna	d__Archaea;p__Thermoplasmatota;c__Thermoplasmata;o__Methanomassiliicoccales;f__Methanomethylophilaceae;g__MX-02;s__MX-02 sp006954405	GCA_006954405.1	95.0	d__Archaea;p__Thermoplasmatota;c__Thermoplasmata;o__Methanomassiliicoccales;f__Methanomethylophilaceae;g__MX-02;s__MX-02 sp006954405	98.05	0.93	GCA_006954405.1	95.0	d__Archaea;p__Thermoplasmatota;c__Thermoplasmata;o__Methanomassiliicoccales;f__Methanomethylophilaceae;g__MX-02;s__MX-02 sp006954405	98.05	0.93	d__Archaea;p__Thermoplasmatota;c__Thermoplasmata;o__Methanomassiliicoccales;f__Methanomethylophilaceae;g__;s__	taxonomic classification defined by topology and ANI	topological placement and ANI have congruent species assignments	N/A	82.05	11	N/A	N/A
1175296.12.patric.fna	d__Archaea;p__Thermoplasmatota;c__Thermoplasmata;o__Methanomassiliicoccales;f__Methanomassiliicoccaceae;g__Methanomassiliicoccus;s__Methanomassiliicoccus luminyensis	GCF_000308215.1	95.0	d__Archaea;p__Thermoplasmatota;c__Thermoplasmata;o__Methanomassiliicoccales;f__Methanomassiliicoccaceae;g__Methanomassiliicoccus;s__Methanomassiliicoccus luminyensis	100.0	1.0	GCF_000308215.1	95.0	d__Archaea;p__Thermoplasmatota;c__Thermoplasmata;o__Methanomassiliicoccales;f__Methanomassiliicoccaceae;g__Methanomassiliicoccus;s__Methanomassiliicoccus luminyensis	100.0	1.0	d__Archaea;p__Thermoplasmatota;c__Thermoplasmata;o__Methanomassiliicoccales;f__Methanomassiliicoccaceae;g__Methanomassiliicoccus;s__	taxonomic classification defined by topology and ANI	topological placement and ANI have congruent species assignments	GCA_002508545.1, s__Methanomassiliicoccus sp002508545, 95.0, 79.24, 0.46; GCA_002067635.1, s__Methanomassiliicoccus sp002067635, 95.0, 77.96, 0.33; GCF_000404225.1, s__Methanomassiliicoccus intestinalis, 95.0, 77.77, 0.03	95.69	11	N/A	N/A
1295009.4.patric.fna	d__Archaea;p__Thermoplasmatota;c__Thermoplasmata;o__Methanomassiliicoccales;f__Methanomassiliicoccaceae;g__Methanomassiliicoccus;s__Methanomassiliicoccus intestinalis	GCF_000404225.1	95.0	d__Archaea;p__Thermoplasmatota;c__Thermoplasmata;o__Methanomassiliicoccales;f__Methanomassiliicoccaceae;g__Methanomassiliicoccus;s__Methanomassiliicoccus intestinalis	100.0	1.0	GCF_000404225.1	95.0	d__Archaea;p__Thermoplasmatota;c__Thermoplasmata;o__Methanomassiliicoccales;f__Methanomassiliicoccaceae;g__Methanomassiliicoccus;s__Methanomassiliicoccus intestinalis	100.0	1.0	d__Archaea;p__Thermoplasmatota;c__Thermoplasmata;o__Methanomassiliicoccales;f__Methanomassiliicoccaceae;g__Methanomassiliicoccus;s__	taxonomic classification defined by topology and ANI	topological placement and ANI have congruent species assignments	GCA_002508545.1, s__Methanomassiliicoccus sp002508545, 95.0, 78.52, 0.03; GCF_000308215.1, s__Methanomassiliicoccus luminyensis, 95.0, 77.77, 0.03; GCA_002067635.1, s__Methanomassiliicoccus sp002067635, 95.0, 75.57, 0.02	95.75	11	N/A	N/A
HMP_2012__SRS048870__bin_16.fa	d__Archaea;p__Thermoplasmatota;c__Thermoplasmata;o__Methanomassiliicoccales;f__Methanomassiliicoccaceae;g__Methanomassiliicoccus;s__Methanomassiliicoccus intestinalis	GCF_000404225.1	95.0	d__Archaea;p__Thermoplasmatota;c__Thermoplasmata;o__Methanomassiliicoccales;f__Methanomassiliicoccaceae;g__Methanomassiliicoccus;s__Methanomassiliicoccus intestinalis	98.67	0.96	GCF_000404225.1	95.0	d__Archaea;p__Thermoplasmatota;c__Thermoplasmata;o__Methanomassiliicoccales;f__Methanomassiliicoccaceae;g__Methanomassiliicoccus;s__Methanomassiliicoccus intestinalis	98.67	0.96	d__Archaea;p__Thermoplasmatota;c__Thermoplasmata;o__Methanomassiliicoccales;f__Methanomassiliicoccaceae;g__Methanomassiliicoccus;s__	taxonomic classification defined by topology and ANI	topological placement and ANI have congruent species assignments	GCA_002508545.1, s__Methanomassiliicoccus sp002508545, 95.0, 78.57, 0.03; GCF_000308215.1, s__Methanomassiliicoccus luminyensis, 95.0, 77.78, 0.04; GCA_002067635.1, s__Methanomassiliicoccus sp002067635, 95.0, 75.57, 0.02	95.75	11	N/A	N/A
ZellerG_2014__CCIS46047672ST-4-0__bin_2.fa	d__Archaea;p__Methanobacteriota;c__Methanobacteria;o__Methanobacteriales;f__Methanobacteriaceae;g__Methanobacterium;s__Methanobacterium sp000499765	GCF_000499765.1	95.0	d__Archaea;p__Methanobacteriota;c__Methanobacteria;o__Methanobacteriales;f__Methanobacteriaceae;g__Methanobacterium;s__Methanobacterium sp000499765	99.68	0.98	GCF_000499765.1	95.0	d__Archaea;p__Methanobacteriota;c__Methanobacteria;o__Methanobacteriales;f__Methanobacteriaceae;g__Methanobacterium;s__Methanobacterium sp000499765	99.68	0.98	d__Archaea;p__Methanobacteriota;c__Methanobacteria;o__Methanobacteriales;f__Methanobacteriaceae;g__Methanobacterium;s__	taxonomic classification defined by topology and ANI	topological placement and ANI have congruent species assignments	GCA_001316325.1, s__Methanobacterium formicicum, 95.0, 88.07, 0.88; GCA_003491305.1, s__Methanobacterium sp003491305, 95.0, 87.91, 0.88; GCF_002813695.1, s__Methanobacterium subterraneum, 95.0, 80.31, 0.59; GCF_000302455.1, s__Methanobacterium formicicum_A, 95.0, 80.31, 0.6; GCA_000309865.1, s__Methanobacterium sp000309865, 95.0, 80.08, 0.56; GCA_002067065.1, s__Methanobacterium sp002067065, 95.0, 78.82, 0.4; GCA_002496805.1, s__Methanobacterium sp002496805, 95.0, 78.42, 0.29	97.95	11	N/A	N/A
1915621.3.patric.fna	d__Archaea;p__Methanobacteriota;c__Methanobacteria;o__Methanobacteriales;f__Methanobacteriaceae;g__Methanosphaera;s__Methanosphaera sp002509095	GCA_002509095.1	95.0	d__Archaea;p__Methanobacteriota;c__Methanobacteria;o__Methanobacteriales;f__Methanobacteriaceae;g__Methanosphaera;s__Methanosphaera sp002509095	100.0	0.99	GCA_002509095.1	95.0	d__Archaea;p__Methanobacteriota;c__Methanobacteria;o__Methanobacteriales;f__Methanobacteriaceae;g__Methanosphaera;s__Methanosphaera sp002509095	100.0	0.99	d__Archaea;p__Methanobacteriota;c__Methanobacteria;o__Methanobacteriales;f__Methanobacteriaceae;g__Methanosphaera;s__	taxonomic classification defined by topology and ANI	topological placement and ANI have congruent species assignments	GCA_900322125.1, s__Methanosphaera sp900322125, 95.0, 96.81, 0.61; GCF_001729965.1, s__Methanosphaera sp001729965, 95.0, 80.73, 0.48; GCF_000012545.1, s__Methanosphaera stadtmanae, 95.0, 80.16, 0.45; GCF_003149675.1, s__Methanosphaera cuniculi, 95.0, 79.14, 0.33; GCA_013330915.1, s__Methanosphaera sp11921u, 95.0, 78.96, 0.2; GCA_003266145.1, s__Methanosphaera sp003266145, 95.0, 78.83, 0.23; GCA_013331465.1, s__Methanosphaera sp10242u, 95.0, 78.79, 0.15; GCA_003266105.1, s__Methanosphaera sp003266105, 95.0, 78.5, 0.22; GCF_003268005.1, s__Methanosphaera sp003268005, 95.0, 78.29, 0.24; GCA_003266075.1, s__Methanosphaera sp003266075, 95.0, 77.44, 0.12; GCA_003266165.1, s__Methanosphaera sp003266165, 95.0, 76.88, 0.1; GCA_003266065.1, s__Methanosphaera sp003266065, 95.0, 76.62, 0.1	63.0	11	N/A	N/A
ZellerG_2014__CCIS33816588ST-4-0__bin_32.fa	d__Archaea;p__Methanobacteriota;c__Methanobacteria;o__Methanobacteriales;f__Methanobacteriaceae;g__Methanosphaera;s__Methanosphaera sp900322125	GCA_900322125.1	95.0	d__Archaea;p__Methanobacteriota;c__Methanobacteria;o__Methanobacteriales;f__Methanobacteriaceae;g__Methanosphaera;s__Methanosphaera sp900322125	99.12	0.87	GCA_900322125.1	95.0	d__Archaea;p__Methanobacteriota;c__Methanobacteria;o__Methanobacteriales;f__Methanobacteriaceae;g__Methanosphaera;s__Methanosphaera sp900322125	99.12	0.87	d__Archaea;p__Methanobacteriota;c__Methanobacteria;o__Methanobacteriales;f__Methanobacteriaceae;g__Methanosphaera;s__	taxonomic classification defined by topology and ANI	topological placement and ANI have congruent species assignments	GCA_002509095.1, s__Methanosphaera sp002509095, 95.0, 96.97, 0.82; GCF_001729965.1, s__Methanosphaera sp001729965, 95.0, 80.91, 0.58; GCF_000012545.1, s__Methanosphaera stadtmanae, 95.0, 80.44, 0.54; GCF_003149675.1, s__Methanosphaera cuniculi, 95.0, 79.41, 0.37; GCA_013330915.1, s__Methanosphaera sp11921u, 95.0, 79.3, 0.36; GCA_013331465.1, s__Methanosphaera sp10242u, 95.0, 79.21, 0.28; GCA_003266145.1, s__Methanosphaera sp003266145, 95.0, 79.0, 0.27; GCF_003268005.1, s__Methanosphaera sp003268005, 95.0, 78.61, 0.3; GCA_003266105.1, s__Methanosphaera sp003266105, 95.0, 78.16, 0.29; GCA_003266075.1, s__Methanosphaera sp003266075, 95.0, 77.41, 0.15; GCA_003266165.1, s__Methanosphaera sp003266165, 95.0, 77.37, 0.19; GCA_003266065.1, s__Methanosphaera sp003266065, 95.0, 76.73, 0.13	96.78	11	N/A	N/A
339860.19.patric.fna	d__Archaea;p__Methanobacteriota;c__Methanobacteria;o__Methanobacteriales;f__Methanobacteriaceae;g__Methanosphaera;s__Methanosphaera stadtmanae	GCF_000012545.1	95.0	d__Archaea;p__Methanobacteriota;c__Methanobacteria;o__Methanobacteriales;f__Methanobacteriaceae;g__Methanosphaera;s__Methanosphaera stadtmanae	100.0	1.0	GCF_000012545.1	95.0	d__Archaea;p__Methanobacteriota;c__Methanobacteria;o__Methanobacteriales;f__Methanobacteriaceae;g__Methanosphaera;s__Methanosphaera stadtmanae	100.0	1.0	d__Archaea;p__Methanobacteriota;c__Methanobacteria;o__Methanobacteriales;f__Methanobacteriaceae;g__Methanosphaera;s__	taxonomic classification defined by topology and ANI	topological placement and ANI have congruent species assignments	GCF_001729965.1, s__Methanosphaera sp001729965, 95.0, 81.67, 0.59; GCA_002509095.1, s__Methanosphaera sp002509095, 95.0, 80.16, 0.45; GCA_900322125.1, s__Methanosphaera sp900322125, 95.0, 80.06, 0.6; GCA_013331465.1, s__Methanosphaera sp10242u, 95.0, 79.51, 0.29; GCA_013330915.1, s__Methanosphaera sp11921u, 95.0, 79.34, 0.38; GCF_003149675.1, s__Methanosphaera cuniculi, 95.0, 79.18, 0.42; GCA_003266145.1, s__Methanosphaera sp003266145, 95.0, 79.14, 0.29; GCF_003268005.1, s__Methanosphaera sp003268005, 95.0, 78.95, 0.31; GCA_003266105.1, s__Methanosphaera sp003266105, 95.0, 78.33, 0.31; GCA_003266075.1, s__Methanosphaera sp003266075, 95.0, 77.5, 0.13; GCA_003266165.1, s__Methanosphaera sp003266165, 95.0, 77.24, 0.19; GCA_003266065.1, s__Methanosphaera sp003266065, 95.0, 76.96, 0.16	97.81	11	N/A	N/A
ZeeviD_2015__PNP_Main_127_megahit__bin_83.fa	d__Archaea;p__Methanobacteriota;c__Methanobacteria;o__Methanobacteriales;f__Methanobacteriaceae;g__Methanosphaera;s__Methanosphaera stadtmanae	GCF_000012545.1	95.0	d__Archaea;p__Methanobacteriota;c__Methanobacteria;o__Methanobacteriales;f__Methanobacteriaceae;g__Methanosphaera;s__Methanosphaera stadtmanae	99.66	0.98	GCF_000012545.1	95.0	d__Archaea;p__Methanobacteriota;c__Methanobacteria;o__Methanobacteriales;f__Methanobacteriaceae;g__Methanosphaera;s__Methanosphaera stadtmanae	99.66	0.98	d__Archaea;p__Methanobacteriota;c__Methanobacteria;o__Methanobacteriales;f__Methanobacteriaceae;g__Methanosphaera;s__	taxonomic classification defined by topology and ANI	topological placement and ANI have congruent species assignments	GCF_001729965.1, s__Methanosphaera sp001729965, 95.0, 81.67, 0.6; GCA_900322125.1, s__Methanosphaera sp900322125, 95.0, 80.19, 0.58; GCA_002509095.1, s__Methanosphaera sp002509095, 95.0, 80.13, 0.43; GCA_013330915.1, s__Methanosphaera sp11921u, 95.0, 79.46, 0.38; GCA_013331465.1, s__Methanosphaera sp10242u, 95.0, 79.28, 0.3; GCA_003266145.1, s__Methanosphaera sp003266145, 95.0, 79.08, 0.28; GCF_003149675.1, s__Methanosphaera cuniculi, 95.0, 79.05, 0.44; GCF_003268005.1, s__Methanosphaera sp003268005, 95.0, 78.73, 0.33; GCA_003266105.1, s__Methanosphaera sp003266105, 95.0, 78.16, 0.34; GCA_003266075.1, s__Methanosphaera sp003266075, 95.0, 77.62, 0.14; GCA_003266165.1, s__Methanosphaera sp003266165, 95.0, 77.31, 0.18; GCA_003266065.1, s__Methanosphaera sp003266065, 95.0, 76.92, 0.16	97.81	11	N/A	N/A
1077256.3.patric.fna	d__Archaea;p__Methanobacteriota;c__Methanobacteria;o__Methanobacteriales;f__Methanobacteriaceae;g__Methanosphaera;s__Methanosphaera cuniculi	GCF_003149675.1	95.0	d__Archaea;p__Methanobacteriota;c__Methanobacteria;o__Methanobacteriales;f__Methanobacteriaceae;g__Methanosphaera;s__Methanosphaera cuniculi	99.96	0.98	GCF_003149675.1	95.0	d__Archaea;p__Methanobacteriota;c__Methanobacteria;o__Methanobacteriales;f__Methanobacteriaceae;g__Methanosphaera;s__Methanosphaera cuniculi	99.96	0.98	d__Archaea;p__Methanobacteriota;c__Methanobacteria;o__Methanobacteriales;f__Methanobacteriaceae;g__Methanosphaera;s__	taxonomic classification defined by topology and ANI	topological placement and ANI have congruent species assignments	GCF_001729965.1, s__Methanosphaera sp001729965, 95.0, 79.28, 0.44; GCF_000012545.1, s__Methanosphaera stadtmanae, 95.0, 79.23, 0.44; GCA_002509095.1, s__Methanosphaera sp002509095, 95.0, 79.19, 0.33; GCA_900322125.1, s__Methanosphaera sp900322125, 95.0, 78.98, 0.43; GCA_013330915.1, s__Methanosphaera sp11921u, 95.0, 78.87, 0.29; GCA_003266145.1, s__Methanosphaera sp003266145, 95.0, 78.29, 0.24; GCF_003268005.1, s__Methanosphaera sp003268005, 95.0, 78.29, 0.22; GCA_013331465.1, s__Methanosphaera sp10242u, 95.0, 78.27, 0.24; GCA_003266105.1, s__Methanosphaera sp003266105, 95.0, 77.71, 0.23; GCA_003266075.1, s__Methanosphaera sp003266075, 95.0, 77.4, 0.14; GCA_003266165.1, s__Methanosphaera sp003266165, 95.0, 76.84, 0.13; GCA_003266065.1, s__Methanosphaera sp003266065, 95.0, 76.55, 0.09	97.78	11	N/A	N/A
ZeeviD_2015__PNP_Main_437_megahit__bin_13.fa	d__Archaea;p__Methanobacteriota;c__Methanobacteria;o__Methanobacteriales;f__Methanobacteriaceae;g__Methanosphaera;s__Methanosphaera cuniculi	GCF_003149675.1	95.0	d__Archaea;p__Methanobacteriota;c__Methanobacteria;o__Methanobacteriales;f__Methanobacteriaceae;g__Methanosphaera;s__Methanosphaera cuniculi	98.71	0.93	GCF_003149675.1	95.0	d__Archaea;p__Methanobacteriota;c__Methanobacteria;o__Methanobacteriales;f__Methanobacteriaceae;g__Methanosphaera;s__Methanosphaera cuniculi	98.71	0.93	d__Archaea;p__Methanobacteriota;c__Methanobacteria;o__Methanobacteriales;f__Methanobacteriaceae;g__Methanosphaera;s__	taxonomic classification defined by topology and ANI	topological placement and ANI have congruent species assignments	GCF_000012545.1, s__Methanosphaera stadtmanae, 95.0, 79.2, 0.45; GCF_001729965.1, s__Methanosphaera sp001729965, 95.0, 79.16, 0.47; GCA_013330915.1, s__Methanosphaera sp11921u, 95.0, 78.99, 0.21; GCA_002509095.1, s__Methanosphaera sp002509095, 95.0, 78.93, 0.27; GCA_900322125.1, s__Methanosphaera sp900322125, 95.0, 78.53, 0.35; GCA_013331465.1, s__Methanosphaera sp10242u, 95.0, 78.49, 0.18; GCA_003266145.1, s__Methanosphaera sp003266145, 95.0, 78.04, 0.24; GCF_003268005.1, s__Methanosphaera sp003268005, 95.0, 78.04, 0.25; GCA_003266105.1, s__Methanosphaera sp003266105, 95.0, 77.82, 0.25; GCA_003266075.1, s__Methanosphaera sp003266075, 95.0, 77.35, 0.16; GCA_003266165.1, s__Methanosphaera sp003266165, 95.0, 76.89, 0.13; GCA_003266065.1, s__Methanosphaera sp003266065, 95.0, 76.26, 0.1	88.8	11	N/A	N/A
2622736427.img.fna	d__Archaea;p__Methanobacteriota;c__Methanobacteria;o__Methanobacteriales;f__Methanobacteriaceae;g__Methanobrevibacter_A;s__Methanobrevibacter_A thaueri	GCF_003111625.1	95.0	d__Archaea;p__Methanobacteriota;c__Methanobacteria;o__Methanobacteriales;f__Methanobacteriaceae;g__Methanobrevibacter_A;s__Methanobrevibacter_A thaueri	99.99	0.98	GCF_003111625.1	95.0	d__Archaea;p__Methanobacteriota;c__Methanobacteria;o__Methanobacteriales;f__Methanobacteriaceae;g__Methanobrevibacter_A;s__Methanobrevibacter_A thaueri	99.99	0.98	d__Archaea;p__Methanobacteriota;c__Methanobacteria;o__Methanobacteriales;f__Methanobacteriaceae;g__Methanobrevibacter_A;s__	taxonomic classification defined by topology and ANI	topological placement and ANI have congruent species assignments	GCA_900316895.1, s__Methanobrevibacter_A sp900316895, 95.0, 83.04, 0.64; GCA_900320515.1, s__Methanobrevibacter_A sp900320515, 95.0, 82.27, 0.52; GCA_900313645.1, s__Methanobrevibacter_A sp900313645, 95.0, 81.89, 0.66; GCF_001548675.1, s__Methanobrevibacter_A sp001548675, 95.0, 81.44, 0.5; GCA_900314695.1, s__Methanobrevibacter_A sp900314695, 95.0, 81.1, 0.47; GCA_900318035.1, s__Methanobrevibacter_A sp900318035, 95.0, 80.75, 0.44; GCA_900314615.1, s__Methanobrevibacter_A sp900314615, 95.0, 80.65, 0.5; GCF_003814835.1, s__Methanobrevibacter_A gottschalkii, 95.0, 80.34, 0.42; GCA_900319985.1, s__Methanobrevibacter_A sp900319985, 95.0, 80.17, 0.43; GCF_001477655.1, s__Methanobrevibacter_A millerae, 95.0, 80.16, 0.37; GCA_900320955.1, s__Methanobrevibacter_A sp900320955, 95.0, 79.84, 0.4; GCF_002252585.1, s__Methanobrevibacter_A smithii_A, 95.0, 79.69, 0.24; GCA_900319535.1, s__Methanobrevibacter_A sp900319535, 95.0, 79.69, 0.3; GCF_001639275.1, s__Methanobrevibacter_A oralis, 95.0, 79.58, 0.25; GCA_900317865.1, s__Methanobrevibacter_A sp900317865, 95.0, 79.48, 0.29; GCF_000016525.1, s__Methanobrevibacter_A smithii, 95.0, 79.47, 0.27; GCF_003111605.1, s__Methanobrevibacter_A woesei, 95.0, 79.26, 0.23; GCA_002496065.1, s__Methanobrevibacter_A sp002496065, 95.0, 78.45, 0.26	97.42	11	N/A	N/A
2622736425.img.fna	d__Archaea;p__Methanobacteriota;c__Methanobacteria;o__Methanobacteriales;f__Methanobacteriaceae;g__Methanobrevibacter_A;s__Methanobrevibacter_A gottschalkii	GCF_003814835.1	95.0	d__Archaea;p__Methanobacteriota;c__Methanobacteria;o__Methanobacteriales;f__Methanobacteriaceae;g__Methanobrevibacter_A;s__Methanobrevibacter_A gottschalkii	100.0	1.0	GCF_003814835.1	95.0	d__Archaea;p__Methanobacteriota;c__Methanobacteria;o__Methanobacteriales;f__Methanobacteriaceae;g__Methanobrevibacter_A;s__Methanobrevibacter_A gottschalkii	100.0	1.0	d__Archaea;p__Methanobacteriota;c__Methanobacteria;o__Methanobacteriales;f__Methanobacteriaceae;g__Methanobrevibacter_A;s__	taxonomic classification defined by topology and ANI	topological placement and ANI have congruent species assignments	GCF_001548675.1, s__Methanobrevibacter_A sp001548675, 95.0, 81.82, 0.59; GCA_900314695.1, s__Methanobrevibacter_A sp900314695, 95.0, 81.0, 0.54; GCF_003111625.1, s__Methanobrevibacter_A thaueri, 95.0, 80.5, 0.42; GCA_900314615.1, s__Methanobrevibacter_A sp900314615, 95.0, 80.34, 0.54; GCA_900319985.1, s__Methanobrevibacter_A sp900319985, 95.0, 80.3, 0.48; GCA_900313645.1, s__Methanobrevibacter_A sp900313645, 95.0, 80.24, 0.53; GCA_900316895.1, s__Methanobrevibacter_A sp900316895, 95.0, 80.2, 0.44; GCA_900320955.1, s__Methanobrevibacter_A sp900320955, 95.0, 80.19, 0.41; GCA_900318035.1, s__Methanobrevibacter_A sp900318035, 95.0, 80.16, 0.45; GCF_001639275.1, s__Methanobrevibacter_A oralis, 95.0, 80.01, 0.53; GCA_900320515.1, s__Methanobrevibacter_A sp900320515, 95.0, 79.86, 0.34; GCF_001477655.1, s__Methanobrevibacter_A millerae, 95.0, 79.84, 0.48; GCA_900319535.1, s__Methanobrevibacter_A sp900319535, 95.0, 79.79, 0.43; GCF_002252585.1, s__Methanobrevibacter_A smithii_A, 95.0, 79.63, 0.42; GCF_000016525.1, s__Methanobrevibacter_A smithii, 95.0, 79.63, 0.44; GCA_900317865.1, s__Methanobrevibacter_A sp900317865, 95.0, 79.41, 0.42; GCF_003111605.1, s__Methanobrevibacter_A woesei, 95.0, 79.18, 0.46; GCA_002496065.1, s__Methanobrevibacter_A sp002496065, 95.0, 78.12, 0.31	98.3	11	N/A	N/A
1915473.3.patric.fna	d__Archaea;p__Methanobacteriota;c__Methanobacteria;o__Methanobacteriales;f__Methanobacteriaceae;g__Methanobrevibacter_A;s__Methanobrevibacter_A sp900314695	GCA_900314695.1	95.0	d__Archaea;p__Methanobacteriota;c__Methanobacteria;o__Methanobacteriales;f__Methanobacteriaceae;g__Methanobrevibacter_A;s__Methanobrevibacter_A sp900314695	98.41	0.85	GCA_900314695.1	95.0	d__Archaea;p__Methanobacteriota;c__Methanobacteria;o__Methanobacteriales;f__Methanobacteriaceae;g__Methanobrevibacter_A;s__Methanobrevibacter_A sp900314695	98.41	0.85	d__Archaea;p__Methanobacteriota;c__Methanobacteria;o__Methanobacteriales;f__Methanobacteriaceae;g__Methanobrevibacter_A;s__	taxonomic classification defined by topology and ANI	topological placement and ANI have congruent species assignments	GCA_900320955.1, s__Methanobrevibacter_A sp900320955, 95.0, 91.28, 0.7; GCA_900319985.1, s__Methanobrevibacter_A sp900319985, 95.0, 85.01, 0.68; GCA_900314615.1, s__Methanobrevibacter_A sp900314615, 95.0, 81.68, 0.55; GCF_001548675.1, s__Methanobrevibacter_A sp001548675, 95.0, 81.47, 0.5; GCA_900318035.1, s__Methanobrevibacter_A sp900318035, 95.0, 81.2, 0.51; GCF_003111625.1, s__Methanobrevibacter_A thaueri, 95.0, 81.06, 0.45; GCF_003814835.1, s__Methanobrevibacter_A gottschalkii, 95.0, 80.88, 0.53; GCA_900316895.1, s__Methanobrevibacter_A sp900316895, 95.0, 80.82, 0.53; GCA_900320515.1, s__Methanobrevibacter_A sp900320515, 95.0, 80.78, 0.43; GCA_900319535.1, s__Methanobrevibacter_A sp900319535, 95.0, 80.76, 0.45; GCA_900313645.1, s__Methanobrevibacter_A sp900313645, 95.0, 80.74, 0.6; GCF_001477655.1, s__Methanobrevibacter_A millerae, 95.0, 80.35, 0.42; GCA_900317865.1, s__Methanobrevibacter_A sp900317865, 95.0, 80.25, 0.42; GCF_001639275.1, s__Methanobrevibacter_A oralis, 95.0, 79.69, 0.39; GCF_000016525.1, s__Methanobrevibacter_A smithii, 95.0, 79.54, 0.36; GCF_002252585.1, s__Methanobrevibacter_A smithii_A, 95.0, 79.37, 0.37; GCF_003111605.1, s__Methanobrevibacter_A woesei, 95.0, 79.21, 0.38; GCA_002496065.1, s__Methanobrevibacter_A sp002496065, 95.0, 78.34, 0.33	92.68	11	N/A	N/A
FengQ_2015__SID31223__bin_1.fa	d__Archaea;p__Methanobacteriota;c__Methanobacteria;o__Methanobacteriales;f__Methanobacteriaceae;g__Methanobrevibacter_A;s__Methanobrevibacter_A smithii	GCF_000016525.1	95.0	d__Archaea;p__Methanobacteriota;c__Methanobacteria;o__Methanobacteriales;f__Methanobacteriaceae;g__Methanobrevibacter_A;s__Methanobrevibacter_A smithii	98.92	0.95	GCF_000016525.1	95.0	d__Archaea;p__Methanobacteriota;c__Methanobacteria;o__Methanobacteriales;f__Methanobacteriaceae;g__Methanobrevibacter_A;s__Methanobrevibacter_A smithii	98.92	0.95	d__Archaea;p__Methanobacteriota;c__Methanobacteria;o__Methanobacteriales;f__Methanobacteriaceae;g__Methanobrevibacter_A;s__	taxonomic classification defined by topology and ANI	topological placement and ANI have congruent species assignments	GCF_002252585.1, s__Methanobrevibacter_A smithii_A, 95.0, 93.4, 0.92; GCF_003111605.1, s__Methanobrevibacter_A woesei, 95.0, 80.33, 0.53; GCF_001639275.1, s__Methanobrevibacter_A oralis, 95.0, 79.76, 0.46; GCA_900314695.1, s__Methanobrevibacter_A sp900314695, 95.0, 79.6, 0.41; GCF_003814835.1, s__Methanobrevibacter_A gottschalkii, 95.0, 79.53, 0.46; GCF_001477655.1, s__Methanobrevibacter_A millerae, 95.0, 79.41, 0.45; GCA_900319535.1, s__Methanobrevibacter_A sp900319535, 95.0, 79.36, 0.38; GCF_003111625.1, s__Methanobrevibacter_A thaueri, 95.0, 79.34, 0.26; GCF_001548675.1, s__Methanobrevibacter_A sp001548675, 95.0, 79.33, 0.39; GCA_900314615.1, s__Methanobrevibacter_A sp900314615, 95.0, 79.26, 0.37; GCA_900317865.1, s__Methanobrevibacter_A sp900317865, 95.0, 79.17, 0.41; GCA_900319985.1, s__Methanobrevibacter_A sp900319985, 95.0, 78.96, 0.34; GCA_900318035.1, s__Methanobrevibacter_A sp900318035, 95.0, 78.87, 0.32; GCA_900316895.1, s__Methanobrevibacter_A sp900316895, 95.0, 78.84, 0.27; GCA_900320515.1, s__Methanobrevibacter_A sp900320515, 95.0, 78.79, 0.24; GCA_900313645.1, s__Methanobrevibacter_A sp900313645, 95.0, 78.66, 0.36; GCA_002496065.1, s__Methanobrevibacter_A sp002496065, 95.0, 78.6, 0.39; GCA_900320955.1, s__Methanobrevibacter_A sp900320955, 95.0, 78.5, 0.31	98.09	11	N/A	N/A
ERS396508_65.hgm.fna	d__Archaea;p__Methanobacteriota;c__Methanobacteria;o__Methanobacteriales;f__Methanobacteriaceae;g__Methanobrevibacter_A;s__Methanobrevibacter_A smithii	GCF_000016525.1	95.0	d__Archaea;p__Methanobacteriota;c__Methanobacteria;o__Methanobacteriales;f__Methanobacteriaceae;g__Methanobrevibacter_A;s__Methanobrevibacter_A smithii	98.18	0.93	GCF_000016525.1	95.0	d__Archaea;p__Methanobacteriota;c__Methanobacteria;o__Methanobacteriales;f__Methanobacteriaceae;g__Methanobrevibacter_A;s__Methanobrevibacter_A smithii	98.18	0.93	d__Archaea;p__Methanobacteriota;c__Methanobacteria;o__Methanobacteriales;f__Methanobacteriaceae;g__Methanobrevibacter_A;s__	taxonomic classification defined by topology and ANI	topological placement and ANI have congruent species assignments	GCF_002252585.1, s__Methanobrevibacter_A smithii_A, 95.0, 93.06, 0.92; GCF_003111605.1, s__Methanobrevibacter_A woesei, 95.0, 80.6, 0.5; GCA_900314695.1, s__Methanobrevibacter_A sp900314695, 95.0, 79.77, 0.41; GCF_001639275.1, s__Methanobrevibacter_A oralis, 95.0, 79.73, 0.51; GCF_003814835.1, s__Methanobrevibacter_A gottschalkii, 95.0, 79.73, 0.46; GCF_003111625.1, s__Methanobrevibacter_A thaueri, 95.0, 79.63, 0.28; GCF_001548675.1, s__Methanobrevibacter_A sp001548675, 95.0, 79.52, 0.4; GCF_001477655.1, s__Methanobrevibacter_A millerae, 95.0, 79.51, 0.44; GCA_900319535.1, s__Methanobrevibacter_A sp900319535, 95.0, 79.32, 0.4; GCA_900314615.1, s__Methanobrevibacter_A sp900314615, 95.0, 79.3, 0.38; GCA_900319985.1, s__Methanobrevibacter_A sp900319985, 95.0, 79.23, 0.33; GCA_900318035.1, s__Methanobrevibacter_A sp900318035, 95.0, 79.21, 0.33; GCA_900317865.1, s__Methanobrevibacter_A sp900317865, 95.0, 79.19, 0.42; GCA_900316895.1, s__Methanobrevibacter_A sp900316895, 95.0, 79.08, 0.27; GCA_900313645.1, s__Methanobrevibacter_A sp900313645, 95.0, 78.91, 0.37; GCA_900320955.1, s__Methanobrevibacter_A sp900320955, 95.0, 78.81, 0.32; GCA_002496065.1, s__Methanobrevibacter_A sp002496065, 95.0, 78.72, 0.35; GCA_900320515.1, s__Methanobrevibacter_A sp900320515, 95.0, 78.72, 0.25	97.27	11	N/A	N/A
ERS608572_37.hgm.fna	d__Archaea;p__Methanobacteriota;c__Methanobacteria;o__Methanobacteriales;f__Methanobacteriaceae;g__Methanobrevibacter_A;s__Methanobrevibacter_A smithii_A	GCF_002252585.1	95.0	d__Archaea;p__Methanobacteriota;c__Methanobacteria;o__Methanobacteriales;f__Methanobacteriaceae;g__Methanobrevibacter_A;s__Methanobrevibacter_A smithii_A	99.06	0.98	GCF_002252585.1	95.0	d__Archaea;p__Methanobacteriota;c__Methanobacteria;o__Methanobacteriales;f__Methanobacteriaceae;g__Methanobrevibacter_A;s__Methanobrevibacter_A smithii_A	99.06	0.98	d__Archaea;p__Methanobacteriota;c__Methanobacteria;o__Methanobacteriales;f__Methanobacteriaceae;g__Methanobrevibacter_A;s__	taxonomic classification defined by topology and ANI	topological placement and ANI have congruent species assignments	GCF_000016525.1, s__Methanobrevibacter_A smithii, 95.0, 93.49, 0.93; GCF_003111605.1, s__Methanobrevibacter_A woesei, 95.0, 80.52, 0.54; GCF_001639275.1, s__Methanobrevibacter_A oralis, 95.0, 79.83, 0.54; GCF_003814835.1, s__Methanobrevibacter_A gottschalkii, 95.0, 79.73, 0.5; GCA_900314695.1, s__Methanobrevibacter_A sp900314695, 95.0, 79.57, 0.45; GCF_003111625.1, s__Methanobrevibacter_A thaueri, 95.0, 79.54, 0.28; GCF_001548675.1, s__Methanobrevibacter_A sp001548675, 95.0, 79.42, 0.39; GCA_900314615.1, s__Methanobrevibacter_A sp900314615, 95.0, 79.36, 0.4; GCA_900319535.1, s__Methanobrevibacter_A sp900319535, 95.0, 79.27, 0.44; GCF_001477655.1, s__Methanobrevibacter_A millerae, 95.0, 79.26, 0.47; GCA_002496065.1, s__Methanobrevibacter_A sp002496065, 95.0, 78.91, 0.35; GCA_900316895.1, s__Methanobrevibacter_A sp900316895, 95.0, 78.91, 0.28; GCA_900317865.1, s__Methanobrevibacter_A sp900317865, 95.0, 78.88, 0.47; GCA_900320955.1, s__Methanobrevibacter_A sp900320955, 95.0, 78.82, 0.35; GCA_900318035.1, s__Methanobrevibacter_A sp900318035, 95.0, 78.74, 0.34; GCA_900320515.1, s__Methanobrevibacter_A sp900320515, 95.0, 78.73, 0.25; GCA_900319985.1, s__Methanobrevibacter_A sp900319985, 95.0, 78.72, 0.4; GCA_900313645.1, s__Methanobrevibacter_A sp900313645, 95.0, 78.49, 0.33	95.61	11	N/A	N/A
XieH_2016__YSZC12003_35515__bin_27.fa	d__Archaea;p__Methanobacteriota;c__Methanobacteria;o__Methanobacteriales;f__Methanobacteriaceae;g__Methanobrevibacter_A;s__Methanobrevibacter_A smithii_A	GCF_002252585.1	95.0	d__Archaea;p__Methanobacteriota;c__Methanobacteria;o__Methanobacteriales;f__Methanobacteriaceae;g__Methanobrevibacter_A;s__Methanobrevibacter_A smithii_A	98.87	0.92	GCF_002252585.1	95.0	d__Archaea;p__Methanobacteriota;c__Methanobacteria;o__Methanobacteriales;f__Methanobacteriaceae;g__Methanobrevibacter_A;s__Methanobrevibacter_A smithii_A	98.87	0.92	d__Archaea;p__Methanobacteriota;c__Methanobacteria;o__Methanobacteriales;f__Methanobacteriaceae;g__Methanobrevibacter_A;s__	taxonomic classification defined by topology and ANI	topological placement and ANI have congruent species assignments	GCF_000016525.1, s__Methanobrevibacter_A smithii, 95.0, 93.6, 0.88; GCF_003111605.1, s__Methanobrevibacter_A woesei, 95.0, 80.34, 0.56; GCF_001639275.1, s__Methanobrevibacter_A oralis, 95.0, 79.83, 0.46; GCA_900314695.1, s__Methanobrevibacter_A sp900314695, 95.0, 79.62, 0.37; GCF_003814835.1, s__Methanobrevibacter_A gottschalkii, 95.0, 79.44, 0.46; GCA_900319535.1, s__Methanobrevibacter_A sp900319535, 95.0, 79.44, 0.39; GCF_001548675.1, s__Methanobrevibacter_A sp001548675, 95.0, 79.25, 0.37; GCF_003111625.1, s__Methanobrevibacter_A thaueri, 95.0, 79.24, 0.24; GCF_001477655.1, s__Methanobrevibacter_A millerae, 95.0, 79.08, 0.42; GCA_900314615.1, s__Methanobrevibacter_A sp900314615, 95.0, 79.05, 0.34; GCA_900317865.1, s__Methanobrevibacter_A sp900317865, 95.0, 79.04, 0.37; GCA_002496065.1, s__Methanobrevibacter_A sp002496065, 95.0, 78.82, 0.38; GCA_900319985.1, s__Methanobrevibacter_A sp900319985, 95.0, 78.71, 0.31; GCA_900316895.1, s__Methanobrevibacter_A sp900316895, 95.0, 78.65, 0.26; GCA_900320515.1, s__Methanobrevibacter_A sp900320515, 95.0, 78.59, 0.2; GCA_900320955.1, s__Methanobrevibacter_A sp900320955, 95.0, 78.57, 0.32; GCA_900318035.1, s__Methanobrevibacter_A sp900318035, 95.0, 78.54, 0.29; GCA_900313645.1, s__Methanobrevibacter_A sp900313645, 95.0, 78.52, 0.35	98.09	11	N/A	N/A
2622736428.img.fna	d__Archaea;p__Methanobacteriota;c__Methanobacteria;o__Methanobacteriales;f__Methanobacteriaceae;g__Methanobrevibacter_A;s__Methanobrevibacter_A woesei	GCF_003111605.1	95.0	d__Archaea;p__Methanobacteriota;c__Methanobacteria;o__Methanobacteriales;f__Methanobacteriaceae;g__Methanobrevibacter_A;s__Methanobrevibacter_A woesei	100.0	1.0	GCF_003111605.1	95.0	d__Archaea;p__Methanobacteriota;c__Methanobacteria;o__Methanobacteriales;f__Methanobacteriaceae;g__Methanobrevibacter_A;s__Methanobrevibacter_A woesei	100.0	1.0	d__Archaea;p__Methanobacteriota;c__Methanobacteria;o__Methanobacteriales;f__Methanobacteriaceae;g__Methanobrevibacter_A;s__	taxonomic classification defined by topology and ANI	topological placement and ANI have congruent species assignments	GCF_002252585.1, s__Methanobrevibacter_A smithii_A, 95.0, 80.48, 0.57; GCF_000016525.1, s__Methanobrevibacter_A smithii, 95.0, 80.3, 0.55; GCF_001477655.1, s__Methanobrevibacter_A millerae, 95.0, 79.4, 0.4; GCF_001639275.1, s__Methanobrevibacter_A oralis, 95.0, 79.3, 0.48; GCA_002496065.1, s__Methanobrevibacter_A sp002496065, 95.0, 79.28, 0.43; GCA_900314695.1, s__Methanobrevibacter_A sp900314695, 95.0, 79.28, 0.38; GCF_003111625.1, s__Methanobrevibacter_A thaueri, 95.0, 79.23, 0.23; GCF_001548675.1, s__Methanobrevibacter_A sp001548675, 95.0, 79.11, 0.32; GCF_003814835.1, s__Methanobrevibacter_A gottschalkii, 95.0, 79.07, 0.46; GCA_900319535.1, s__Methanobrevibacter_A sp900319535, 95.0, 78.97, 0.35; GCA_900317865.1, s__Methanobrevibacter_A sp900317865, 95.0, 78.73, 0.36; GCA_900314615.1, s__Methanobrevibacter_A sp900314615, 95.0, 78.45, 0.33; GCA_900318035.1, s__Methanobrevibacter_A sp900318035, 95.0, 78.38, 0.26; GCA_900320515.1, s__Methanobrevibacter_A sp900320515, 95.0, 78.37, 0.18; GCA_900319985.1, s__Methanobrevibacter_A sp900319985, 95.0, 78.3, 0.29; GCA_900313645.1, s__Methanobrevibacter_A sp900313645, 95.0, 78.3, 0.29; GCA_900316895.1, s__Methanobrevibacter_A sp900316895, 95.0, 78.29, 0.23; GCA_900320955.1, s__Methanobrevibacter_A sp900320955, 95.0, 78.25, 0.26	98.11	11	N/A	N/A
YuJ_2015__SZAXPI015264-87__bin_27.fa	d__Archaea;p__Methanobacteriota;c__Methanobacteria;o__Methanobacteriales;f__Methanobacteriaceae;g__Methanobrevibacter_A;s__Methanobrevibacter_A woesei	GCF_003111605.1	95.0	d__Archaea;p__Methanobacteriota;c__Methanobacteria;o__Methanobacteriales;f__Methanobacteriaceae;g__Methanobrevibacter_A;s__Methanobrevibacter_A woesei	96.82	0.93	GCF_003111605.1	95.0	d__Archaea;p__Methanobacteriota;c__Methanobacteria;o__Methanobacteriales;f__Methanobacteriaceae;g__Methanobrevibacter_A;s__Methanobrevibacter_A woesei	96.82	0.93	d__Archaea;p__Methanobacteriota;c__Methanobacteria;o__Methanobacteriales;f__Methanobacteriaceae;g__Methanobrevibacter_A;s__	taxonomic classification defined by topology and ANI	topological placement and ANI have congruent species assignments	GCF_002252585.1, s__Methanobrevibacter_A smithii_A, 95.0, 80.27, 0.55; GCF_000016525.1, s__Methanobrevibacter_A smithii, 95.0, 80.09, 0.52; GCA_900314695.1, s__Methanobrevibacter_A sp900314695, 95.0, 79.54, 0.36; GCF_001477655.1, s__Methanobrevibacter_A millerae, 95.0, 79.33, 0.38; GCA_002496065.1, s__Methanobrevibacter_A sp002496065, 95.0, 79.31, 0.41; GCA_900319535.1, s__Methanobrevibacter_A sp900319535, 95.0, 79.29, 0.34; GCF_001639275.1, s__Methanobrevibacter_A oralis, 95.0, 79.07, 0.48; GCF_003814835.1, s__Methanobrevibacter_A gottschalkii, 95.0, 79.07, 0.42; GCF_001548675.1, s__Methanobrevibacter_A sp001548675, 95.0, 79.03, 0.34; GCF_003111625.1, s__Methanobrevibacter_A thaueri, 95.0, 78.83, 0.23; GCA_900317865.1, s__Methanobrevibacter_A sp900317865, 95.0, 78.83, 0.36; GCA_900314615.1, s__Methanobrevibacter_A sp900314615, 95.0, 78.56, 0.32; GCA_900320515.1, s__Methanobrevibacter_A sp900320515, 95.0, 78.53, 0.19; GCA_900318035.1, s__Methanobrevibacter_A sp900318035, 95.0, 78.42, 0.24; GCA_900316895.1, s__Methanobrevibacter_A sp900316895, 95.0, 78.39, 0.22; GCA_900319985.1, s__Methanobrevibacter_A sp900319985, 95.0, 78.26, 0.29; GCA_900320955.1, s__Methanobrevibacter_A sp900320955, 95.0, 78.19, 0.27; GCA_900313645.1, s__Methanobrevibacter_A sp900313645, 95.0, 78.14, 0.29	98.17	11	N/A	N/A
224719.6.patric.fna	d__Archaea;p__Methanobacteriota;c__Methanobacteria;o__Methanobacteriales;f__Methanobacteriaceae;g__Methanobrevibacter_B;s__Methanobrevibacter_B boviskoreani	GCF_000320505.1	95.0	d__Archaea;p__Methanobacteriota;c__Methanobacteria;o__Methanobacteriales;f__Methanobacteriaceae;g__Methanobrevibacter_B;s__Methanobrevibacter_B boviskoreani	97.74	0.94	GCF_000320505.1	95.0	d__Archaea;p__Methanobacteriota;c__Methanobacteria;o__Methanobacteriales;f__Methanobacteriaceae;g__Methanobrevibacter_B;s__Methanobrevibacter_B boviskoreani	97.74	0.94	d__Archaea;p__Methanobacteriota;c__Methanobacteria;o__Methanobacteriales;f__Methanobacteriaceae;g__Methanobrevibacter_B;s__	taxonomic classification defined by topology and ANI	topological placement and ANI have congruent species assignments	GCF_000621965.1, s__Methanobrevibacter_B wolinii, 95.0, 80.15, 0.54; GCF_002208625.1, s__Methanobrevibacter_B sp002208625, 95.0, 80.06, 0.56; GCA_900314605.1, s__Methanobrevibacter_B sp900314605, 95.0, 78.56, 0.41	96.35	11	N/A	N/A
1410664.3.patric.fna	d__Archaea;p__Methanobacteriota;c__Methanobacteria;o__Methanobacteriales;f__Methanobacteriaceae;g__Methanobrevibacter_B;s__Methanobrevibacter_B wolinii	GCF_000621965.1	95.0	d__Archaea;p__Methanobacteriota;c__Methanobacteria;o__Methanobacteriales;f__Methanobacteriaceae;g__Methanobrevibacter_B;s__Methanobrevibacter_B wolinii	100.0	1.0	GCF_000621965.1	95.0	d__Archaea;p__Methanobacteriota;c__Methanobacteria;o__Methanobacteriales;f__Methanobacteriaceae;g__Methanobrevibacter_B;s__Methanobrevibacter_B wolinii	100.0	1.0	d__Archaea;p__Methanobacteriota;c__Methanobacteria;o__Methanobacteriales;f__Methanobacteriaceae;g__Methanobrevibacter_B;s__	taxonomic classification defined by topology and ANI	topological placement and ANI have congruent species assignments	GCF_002208625.1, s__Methanobrevibacter_B sp002208625, 95.0, 90.44, 0.88; GCF_000320505.1, s__Methanobrevibacter_B boviskoreani, 95.0, 80.15, 0.54; GCA_900314605.1, s__Methanobrevibacter_B sp900314605, 95.0, 79.3, 0.5	97.31	11	N/A	N/A
634498.28.patric.fna	d__Archaea;p__Methanobacteriota;c__Methanobacteria;o__Methanobacteriales;f__Methanobacteriaceae;g__Methanobrevibacter;s__Methanobrevibacter ruminantium	GCF_000024185.1	95.0	d__Archaea;p__Methanobacteriota;c__Methanobacteria;o__Methanobacteriales;f__Methanobacteriaceae;g__Methanobrevibacter;s__Methanobrevibacter ruminantium	100.0	1.0	GCF_000024185.1	95.0	d__Archaea;p__Methanobacteriota;c__Methanobacteria;o__Methanobacteriales;f__Methanobacteriaceae;g__Methanobrevibacter;s__Methanobrevibacter ruminantium	100.0	1.0	d__Archaea;p__Methanobacteriota;c__Methanobacteria;o__Methanobacteriales;f__Methanobacteriaceae;g__Methanobrevibacter;s__	taxonomic classification defined by topology and ANI	topological placement and ANI have congruent species assignments	GCA_004553595.1, s__Methanobrevibacter ruminantium_A, 95.0, 81.15, 0.49; GCA_900321995.1, s__Methanobrevibacter sp900321995, 95.0, 80.9, 0.7; GCF_900114585.1, s__Methanobrevibacter olleyae, 95.0, 79.96, 0.55; GCA_900314635.1, s__Methanobrevibacter sp900314635, 95.0, 78.45, 0.3	97.01	11	N/A	N/A
1401244.3.patric.fna	d__Archaea;p__Methanobacteriota;c__Methanobacteria;o__Methanobacteriales;f__Methanobacteriaceae;g__Methanobrevibacter_C;s__Methanobrevibacter_C arboriphilus_A	GCF_000513315.1	95.0	d__Archaea;p__Methanobacteriota;c__Methanobacteria;o__Methanobacteriales;f__Methanobacteriaceae;g__Methanobrevibacter_C;s__Methanobrevibacter_C arboriphilus_A	100.0	1.0	GCF_000513315.1	95.0	d__Archaea;p__Methanobacteriota;c__Methanobacteria;o__Methanobacteriales;f__Methanobacteriaceae;g__Methanobrevibacter_C;s__Methanobrevibacter_C arboriphilus_A	100.0	1.0	d__Archaea;p__Methanobacteriota;c__Methanobacteria;o__Methanobacteriales;f__Methanobacteriaceae;g__Methanobrevibacter_C;s__	taxonomic classification defined by topology and ANI	topological placement and ANI have congruent species assignments	GCF_002072215.1, s__Methanobrevibacter_C arboriphilus, 95.0, 94.5, 0.88; GCA_003315655.1, s__Methanobrevibacter_C sp003315655, 95.0, 80.53, 0.65; GCF_001639285.1, s__Methanobrevibacter_C cuticularis, 95.0, 78.47, 0.43	92.78	11	N/A	N/A
529709.11.patric.fna	d__Archaea;p__Methanobacteriota;c__Thermococci;o__Thermococcales;f__Thermococcaceae;g__Pyrococcus;s__Pyrococcus yayanosii	GCF_000215995.1	95.0	d__Archaea;p__Methanobacteriota;c__Thermococci;o__Thermococcales;f__Thermococcaceae;g__Pyrococcus;s__Pyrococcus yayanosii	100.0	1.0	GCF_000215995.1	95.0	d__Archaea;p__Methanobacteriota;c__Thermococci;o__Thermococcales;f__Thermococcaceae;g__Pyrococcus;s__Pyrococcus yayanosii	100.0	1.0	d__Archaea;p__Methanobacteriota;c__Thermococci;o__Thermococcales;f__Thermococcaceae;g__Pyrococcus;s__	taxonomic classification defined by topology and ANI	topological placement and ANI have congruent species assignments	GCF_000211475.1, s__Pyrococcus sp000211475, 95.0, 78.32, 0.16; GCF_001577775.1, s__Pyrococcus kukulkanii, 95.0, 78.22, 0.21; GCF_000007305.1, s__Pyrococcus furiosus, 95.0, 78.09, 0.1; GCF_000263735.1, s__Pyrococcus sp000263735, 95.0, 77.88, 0.15; GCF_002214605.1, s__Pyrococcus chitonophagus, 95.0, 77.81, 0.21; GCF_000195935.2, s__Pyrococcus abyssi, 95.0, 77.72, 0.16; GCF_000011105.1, s__Pyrococcus horikoshii, 95.0, 77.71, 0.12; GCA_003660485.1, s__Pyrococcus sp003660485, 95.0, 77.24, 0.13	97.31	11	N/A	N/A
SRS476288_81.hgm.fna	d__Archaea;p__Halobacteriota;c__Methanomicrobia;o__Methanomicrobiales;f__Methanocorpusculaceae;g__Methanocorpusculum;s__	N/A	N/A	N/A	N/A	N/A	N/A	N/A	N/A	N/A	N/A	d__Archaea;p__Halobacteriota;c__Methanomicrobia;o__Methanomicrobiales;f__Methanocorpusculaceae;g__Methanocorpusculum;s__	ANI	N/A	GCF_000015765.1, s__Methanocorpusculum labreanum, 95.0, 80.47, 0.25; GCF_002287215.1, s__Methanocorpusculum parvum, 95.0, 80.05, 0.23; GCA_003315675.1, s__Methanocorpusculum sp003315675, 95.0, 79.91, 0.26; GCA_002498375.1, s__Methanocorpusculum sp002498375, 95.0, 79.78, 0.23; GCA_002506085.1, s__Methanocorpusculum sp002506085, 95.0, 79.08, 0.25; GCA_001940805.1, s__Methanocorpusculum sp001940805, 95.0, 79.06, 0.17	65.73	11	0.9347724043866382	N/A
ZeeviD_2015__PNP_Main_320_megahit__bin_59.fa	d__Archaea;p__Thermoplasmatota;c__Thermoplasmata;o__Methanomassiliicoccales;f__Methanomethylophilaceae;g__UBA71;s__	N/A	N/A	N/A	N/A	N/A	N/A	N/A	N/A	N/A	N/A	d__Archaea;p__Thermoplasmatota;c__Thermoplasmata;o__Methanomassiliicoccales;f__Methanomethylophilaceae;g__UBA71;s__	ANI	N/A	GCA_006954465.1, s__UBA71 sp006954465, 95.0, 82.3, 0.52; GCA_002506425.1, s__UBA71 sp002506425, 95.0, 82.05, 0.55; GCA_006954425.1, s__UBA71 sp006954425, 95.0, 81.83, 0.64; GCA_002504405.1, s__UBA71 sp002504405, 95.0, 80.98, 0.54; GCA_002504495.1, s__UBA71 sp002504495, 95.0, 80.43, 0.49	61.96	11	0.9349569608323149	N/A
ZellerG_2014__CCIS38765456ST-20-0__bin_14.fa	d__Archaea;p__Thermoplasmatota;c__Thermoplasmata;o__Methanomassiliicoccales;f__Methanomethylophilaceae;g__UBA71;s__	N/A	N/A	N/A	N/A	N/A	GCA_006954425.1	95.0	d__Archaea;p__Thermoplasmatota;c__Thermoplasmata;o__Methanomassiliicoccales;f__Methanomethylophilaceae;g__UBA71;s__UBA71 sp006954425	86.05	0.86	d__Archaea;p__Thermoplasmatota;c__Thermoplasmata;o__Methanomassiliicoccales;f__Methanomethylophilaceae;g__UBA71;s__	taxonomic classification defined by topology and ANI	N/A	GCA_002504405.1, s__UBA71 sp002504405, 95.0, 81.03, 0.64; GCA_002506425.1, s__UBA71 sp002506425, 95.0, 80.36, 0.39; GCA_006954465.1, s__UBA71 sp006954465, 95.0, 80.16, 0.4; GCA_002504495.1, s__UBA71 sp002504495, 95.0, 78.99, 0.34	57.77	11	0.9810022895778975	Genome not assigned to closest species as it falls outside its pre-defined ANI radius
XieH_2016__YSZC12003_35561__bin_51.fa	d__Archaea;p__Thermoplasmatota;c__Thermoplasmata;o__Methanomassiliicoccales;f__Methanomethylophilaceae;g__UBA71;s__	N/A	N/A	N/A	N/A	N/A	GCA_006954425.1	95.0	d__Archaea;p__Thermoplasmatota;c__Thermoplasmata;o__Methanomassiliicoccales;f__Methanomethylophilaceae;g__UBA71;s__UBA71 sp006954425	85.2	0.76	d__Archaea;p__Thermoplasmatota;c__Thermoplasmata;o__Methanomassiliicoccales;f__Methanomethylophilaceae;g__UBA71;s__	taxonomic classification defined by topology and ANI	N/A	GCA_002504405.1, s__UBA71 sp002504405, 95.0, 81.61, 0.61; GCA_006954465.1, s__UBA71 sp006954465, 95.0, 80.56, 0.53; GCA_002506425.1, s__UBA71 sp002506425, 95.0, 80.18, 0.49; GCA_002504495.1, s__UBA71 sp002504495, 95.0, 79.5, 0.39	96.51	11	0.9686818660356864	Genome not assigned to closest species as it falls outside its pre-defined ANI radius
BritoIL_2016__W1_5_ST__bin_1.fa	d__Archaea;p__Thermoplasmatota;c__Thermoplasmata;o__Methanomassiliicoccales;f__Methanomethylophilaceae;g__UBA71;s__	N/A	N/A	N/A	N/A	N/A	N/A	N/A	N/A	N/A	N/A	d__Archaea;p__Thermoplasmatota;c__Thermoplasmata;o__Methanomassiliicoccales;f__Methanomethylophilaceae;g__UBA71;s__	ANI	N/A	GCA_006954425.1, s__UBA71 sp006954425, 95.0, 80.78, 0.6; GCA_002504405.1, s__UBA71 sp002504405, 95.0, 80.4, 0.53; GCA_006954465.1, s__UBA71 sp006954465, 95.0, 79.81, 0.43; GCA_002506425.1, s__UBA71 sp002506425, 95.0, 79.6, 0.43; GCA_002504495.1, s__UBA71 sp002504495, 95.0, 78.87, 0.36	80.54	11	0.9203395013869871	N/A
SRS475979_79.hgm.fna	d__Archaea;p__Thermoplasmatota;c__Thermoplasmata;o__Methanomassiliicoccales;f__Methanomethylophilaceae;g__UBA71;s__	N/A	N/A	N/A	N/A	N/A	N/A	N/A	N/A	N/A	N/A	d__Archaea;p__Thermoplasmatota;c__Thermoplasmata;o__Methanomassiliicoccales;f__Methanomethylophilaceae;g__UBA71;s__	ANI	N/A	GCA_006954425.1, s__UBA71 sp006954425, 95.0, 80.96, 0.6; GCA_006954465.1, s__UBA71 sp006954465, 95.0, 80.77, 0.38; GCA_002504405.1, s__UBA71 sp002504405, 95.0, 80.56, 0.5; GCA_002506425.1, s__UBA71 sp002506425, 95.0, 79.71, 0.45; GCA_002504495.1, s__UBA71 sp002504495, 95.0, 78.53, 0.39	86.67	11	0.9196561374867215	N/A
SRS476193_74.hgm.fna	d__Archaea;p__Thermoplasmatota;c__Thermoplasmata;o__Methanomassiliicoccales;f__Methanomethylophilaceae;g__;s__	N/A	N/A	N/A	N/A	N/A	N/A	N/A	N/A	N/A	N/A	d__Archaea;p__Thermoplasmatota;c__Thermoplasmata;o__Methanomassiliicoccales;f__Methanomethylophilaceae;g__;s__	taxonomic novelty determined using RED	N/A	N/A	82.3	11	0.876255679051955	N/A
ZeeviD_2015__PNP_Main_133_megahit__bin_32.fa	d__Archaea;p__Thermoplasmatota;c__Thermoplasmata;o__Methanomassiliicoccales;f__Methanomassiliicoccaceae;g__Methanomassiliicoccus;s__	N/A	N/A	N/A	N/A	N/A	GCF_000404225.1	95.0	d__Archaea;p__Thermoplasmatota;c__Thermoplasmata;o__Methanomassiliicoccales;f__Methanomassiliicoccaceae;g__Methanomassiliicoccus;s__Methanomassiliicoccus intestinalis	83.8	0.77	d__Archaea;p__Thermoplasmatota;c__Thermoplasmata;o__Methanomassiliicoccales;f__Methanomassiliicoccaceae;g__Methanomassiliicoccus;s__	taxonomic classification defined by topology and ANI	N/A	GCA_002508545.1, s__Methanomassiliicoccus sp002508545, 95.0, 77.97, 0.03; GCF_000308215.1, s__Methanomassiliicoccus luminyensis, 95.0, 77.34, 0.04; GCA_002067635.1, s__Methanomassiliicoccus sp002067635, 95.0, 76.09, 0.01	89.5	11	0.9816582833725658	Genome not assigned to closest species as it falls outside its pre-defined ANI radius
CosteaPI_2017__mickey1-11-0-0__bin_19.fa	d__Archaea;p__Thermoplasmatota;c__Thermoplasmata;o__Methanomassiliicoccales;f__Methanomassiliicoccaceae;g__Methanomassiliicoccus;s__	N/A	N/A	N/A	N/A	N/A	GCF_000404225.1	95.0	d__Archaea;p__Thermoplasmatota;c__Thermoplasmata;o__Methanomassiliicoccales;f__Methanomassiliicoccaceae;g__Methanomassiliicoccus;s__Methanomassiliicoccus intestinalis	79.68	0.37	d__Archaea;p__Thermoplasmatota;c__Thermoplasmata;o__Methanomassiliicoccales;f__Methanomassiliicoccaceae;g__Methanomassiliicoccus;s__	taxonomic classification defined by topology and ANI	N/A	GCF_000308215.1, s__Methanomassiliicoccus luminyensis, 95.0, 78.43, 0.04; GCA_002508545.1, s__Methanomassiliicoccus sp002508545, 95.0, 77.16, 0.04; GCA_002067635.1, s__Methanomassiliicoccus sp002067635, 95.0, 76.81, 0.02	93.66	11	0.9624074805629422	N/A
SRS476193_44.hgm.fna	d__Archaea;p__Methanobacteriota;c__Methanobacteria;o__Methanobacteriales;f__Methanobacteriaceae;g__Methanobrevibacter_A;s__	N/A	N/A	N/A	N/A	N/A	GCF_003814835.1	95.0	d__Archaea;p__Methanobacteriota;c__Methanobacteria;o__Methanobacteriales;f__Methanobacteriaceae;g__Methanobrevibacter_A;s__Methanobrevibacter_A gottschalkii	84.33	0.75	d__Archaea;p__Methanobacteriota;c__Methanobacteria;o__Methanobacteriales;f__Methanobacteriaceae;g__Methanobrevibacter_A;s__	taxonomic classification defined by topology and ANI	N/A	GCF_001548675.1, s__Methanobrevibacter_A sp001548675, 95.0, 81.59, 0.63; GCA_900314695.1, s__Methanobrevibacter_A sp900314695, 95.0, 81.47, 0.6; GCF_003111625.1, s__Methanobrevibacter_A thaueri, 95.0, 80.97, 0.46; GCA_900314615.1, s__Methanobrevibacter_A sp900314615, 95.0, 80.79, 0.55; GCA_900318035.1, s__Methanobrevibacter_A sp900318035, 95.0, 80.68, 0.46; GCA_900316895.1, s__Methanobrevibacter_A sp900316895, 95.0, 80.6, 0.45; GCF_001477655.1, s__Methanobrevibacter_A millerae, 95.0, 80.58, 0.48; GCA_900313645.1, s__Methanobrevibacter_A sp900313645, 95.0, 80.51, 0.38; GCA_900319985.1, s__Methanobrevibacter_A sp900319985, 95.0, 80.44, 0.51; GCA_900320955.1, s__Methanobrevibacter_A sp900320955, 95.0, 80.24, 0.48; GCA_900317865.1, s__Methanobrevibacter_A sp900317865, 95.0, 80.15, 0.42; GCA_900320515.1, s__Methanobrevibacter_A sp900320515, 95.0, 80.06, 0.4; GCA_900319535.1, s__Methanobrevibacter_A sp900319535, 95.0, 80.0, 0.44; GCF_000016525.1, s__Methanobrevibacter_A smithii, 95.0, 79.75, 0.47; GCF_001639275.1, s__Methanobrevibacter_A oralis, 95.0, 79.66, 0.54; GCF_002252585.1, s__Methanobrevibacter_A smithii_A, 95.0, 79.65, 0.49; GCF_003111605.1, s__Methanobrevibacter_A woesei, 95.0, 79.37, 0.41; GCA_002496065.1, s__Methanobrevibacter_A sp002496065, 95.0, 78.11, 0.24	90.12	11	0.984624635744547	Genome not assigned to closest species as it falls outside its pre-defined ANI radius
SRS476212_49.hgm.fna	d__Archaea;p__Methanobacteriota;c__Methanobacteria;o__Methanobacteriales;f__Methanobacteriaceae;g__Methanobrevibacter_A;s__	N/A	N/A	N/A	N/A	N/A	GCA_900318035.1	95.0	d__Archaea;p__Methanobacteriota;c__Methanobacteria;o__Methanobacteriales;f__Methanobacteriaceae;g__Methanobrevibacter_A;s__Methanobrevibacter_A sp900318035	82.54	0.64	d__Archaea;p__Methanobacteriota;c__Methanobacteria;o__Methanobacteriales;f__Methanobacteriaceae;g__Methanobrevibacter_A;s__	taxonomic classification defined by topology and ANI	N/A	GCA_900314615.1, s__Methanobrevibacter_A sp900314615, 95.0, 80.52, 0.52; GCF_001548675.1, s__Methanobrevibacter_A sp001548675, 95.0, 80.44, 0.51; GCA_900316895.1, s__Methanobrevibacter_A sp900316895, 95.0, 80.42, 0.41; GCF_001477655.1, s__Methanobrevibacter_A millerae, 95.0, 80.13, 0.3; GCF_003111625.1, s__Methanobrevibacter_A thaueri, 95.0, 79.92, 0.46; GCA_900320515.1, s__Methanobrevibacter_A sp900320515, 95.0, 79.55, 0.43; GCA_900314695.1, s__Methanobrevibacter_A sp900314695, 95.0, 79.39, 0.47; GCF_003111605.1, s__Methanobrevibacter_A woesei, 95.0, 79.15, 0.08; GCA_900319985.1, s__Methanobrevibacter_A sp900319985, 95.0, 79.12, 0.42; GCF_003814835.1, s__Methanobrevibacter_A gottschalkii, 95.0, 79.07, 0.3; GCF_000016525.1, s__Methanobrevibacter_A smithii, 95.0, 78.84, 0.23; GCF_001639275.1, s__Methanobrevibacter_A oralis, 95.0, 78.38, 0.18; GCA_900319535.1, s__Methanobrevibacter_A sp900319535, 95.0, 78.26, 0.25; GCF_002252585.1, s__Methanobrevibacter_A smithii_A, 95.0, 78.23, 0.2; GCA_900313645.1, s__Methanobrevibacter_A sp900313645, 95.0, 78.14, 0.37; GCA_900317865.1, s__Methanobrevibacter_A sp900317865, 95.0, 78.03, 0.28; GCA_002496065.1, s__Methanobrevibacter_A sp002496065, 95.0, 77.92, 0.12; GCA_900320955.1, s__Methanobrevibacter_A sp900320955, 95.0, 77.81, 0.4	43.97	11	0.9810600700486726	N/A
2593339167.img.fna	d__Archaea;p__Methanobacteriota;c__Methanobacteria;o__Methanobacteriales;f__Methanobacteriaceae;g__Methanobrevibacter_A;s__	N/A	N/A	N/A	N/A	N/A	N/A	N/A	N/A	N/A	N/A	d__Archaea;p__Methanobacteriota;c__Methanobacteria;o__Methanobacteriales;f__Methanobacteriaceae;g__Methanobrevibacter_A;s__	ANI	N/A	GCF_001477655.1, s__Methanobrevibacter_A millerae, 95.0, 80.6, 0.45; GCA_900317865.1, s__Methanobrevibacter_A sp900317865, 95.0, 80.47, 0.47; GCA_900319535.1, s__Methanobrevibacter_A sp900319535, 95.0, 80.21, 0.46; GCA_900314695.1, s__Methanobrevibacter_A sp900314695, 95.0, 79.97, 0.32; GCF_001548675.1, s__Methanobrevibacter_A sp001548675, 95.0, 79.68, 0.3; GCF_003111625.1, s__Methanobrevibacter_A thaueri, 95.0, 79.51, 0.34; GCF_003111605.1, s__Methanobrevibacter_A woesei, 95.0, 79.44, 0.18; GCF_002252585.1, s__Methanobrevibacter_A smithii_A, 95.0, 79.33, 0.23; GCA_900318035.1, s__Methanobrevibacter_A sp900318035, 95.0, 79.27, 0.31; GCA_900320515.1, s__Methanobrevibacter_A sp900320515, 95.0, 79.25, 0.3; GCA_900316895.1, s__Methanobrevibacter_A sp900316895, 95.0, 79.21, 0.35; GCF_003814835.1, s__Methanobrevibacter_A gottschalkii, 95.0, 79.12, 0.27; GCA_900313645.1, s__Methanobrevibacter_A sp900313645, 95.0, 79.02, 0.39; GCA_900314615.1, s__Methanobrevibacter_A sp900314615, 95.0, 79.02, 0.33; GCF_000016525.1, s__Methanobrevibacter_A smithii, 95.0, 78.96, 0.24; GCA_900320955.1, s__Methanobrevibacter_A sp900320955, 95.0, 78.93, 0.26; GCF_001639275.1, s__Methanobrevibacter_A oralis, 95.0, 78.67, 0.2; GCA_900319985.1, s__Methanobrevibacter_A sp900319985, 95.0, 78.56, 0.33; GCA_002496065.1, s__Methanobrevibacter_A sp002496065, 95.0, 77.95, 0.23	94.79	11	0.9626524776204902	N/A
BritoIL_2016__W2_43_ST__bin_33.fa	d__Archaea;p__Methanobacteriota;c__Methanobacteria;o__Methanobacteriales;f__Methanobacteriaceae;g__Methanobrevibacter_A;s__	N/A	N/A	N/A	N/A	N/A	GCA_002496065.1	95.0	d__Archaea;p__Methanobacteriota;c__Methanobacteria;o__Methanobacteriales;f__Methanobacteriaceae;g__Methanobrevibacter_A;s__Methanobrevibacter_A sp002496065	81.86	0.68	d__Archaea;p__Methanobacteriota;c__Methanobacteria;o__Methanobacteriales;f__Methanobacteriaceae;g__Methanobrevibacter_A;s__	taxonomic classification defined by topology and ANI	N/A	GCF_003111605.1, s__Methanobrevibacter_A woesei, 95.0, 79.62, 0.42; GCF_001477655.1, s__Methanobrevibacter_A millerae, 95.0, 79.19, 0.3; GCF_002252585.1, s__Methanobrevibacter_A smithii_A, 95.0, 79.17, 0.39; GCF_000016525.1, s__Methanobrevibacter_A smithii, 95.0, 79.14, 0.39; GCA_900314695.1, s__Methanobrevibacter_A sp900314695, 95.0, 78.98, 0.3; GCF_003111625.1, s__Methanobrevibacter_A thaueri, 95.0, 78.96, 0.21; GCF_001639275.1, s__Methanobrevibacter_A oralis, 95.0, 78.78, 0.34; GCF_001548675.1, s__Methanobrevibacter_A sp001548675, 95.0, 78.75, 0.26; GCA_900319535.1, s__Methanobrevibacter_A sp900319535, 95.0, 78.58, 0.27; GCF_003814835.1, s__Methanobrevibacter_A gottschalkii, 95.0, 78.54, 0.34; GCA_900320515.1, s__Methanobrevibacter_A sp900320515, 95.0, 78.37, 0.16; GCA_900314615.1, s__Methanobrevibacter_A sp900314615, 95.0, 78.36, 0.26; GCA_900317865.1, s__Methanobrevibacter_A sp900317865, 95.0, 78.34, 0.27; GCA_900313645.1, s__Methanobrevibacter_A sp900313645, 95.0, 78.09, 0.26; GCA_900318035.1, s__Methanobrevibacter_A sp900318035, 95.0, 77.99, 0.23; GCA_900320955.1, s__Methanobrevibacter_A sp900320955, 95.0, 77.99, 0.2; GCA_900316895.1, s__Methanobrevibacter_A sp900316895, 95.0, 77.98, 0.18; GCA_900319985.1, s__Methanobrevibacter_A sp900319985, 95.0, 77.69, 0.25	96.33	11	0.9641063883135614	Genome not assigned to closest species as it falls outside its pre-defined ANI radius
SRS475589_67.hgm.fna	d__Archaea;p__Methanobacteriota;c__Methanobacteria;o__Methanobacteriales;f__Methanobacteriaceae;g__Methanobrevibacter_A;s__	N/A	N/A	N/A	N/A	N/A	GCA_002496065.1	95.0	d__Archaea;p__Methanobacteriota;c__Methanobacteria;o__Methanobacteriales;f__Methanobacteriaceae;g__Methanobrevibacter_A;s__Methanobrevibacter_A sp002496065	81.89	0.69	d__Archaea;p__Methanobacteriota;c__Methanobacteria;o__Methanobacteriales;f__Methanobacteriaceae;g__Methanobrevibacter_A;s__	taxonomic classification defined by topology and ANI	N/A	GCF_003111605.1, s__Methanobrevibacter_A woesei, 95.0, 79.79, 0.42; GCF_001477655.1, s__Methanobrevibacter_A millerae, 95.0, 79.24, 0.23; GCA_900314695.1, s__Methanobrevibacter_A sp900314695, 95.0, 79.07, 0.22; GCF_000016525.1, s__Methanobrevibacter_A smithii, 95.0, 79.02, 0.32; GCF_002252585.1, s__Methanobrevibacter_A smithii_A, 95.0, 79.02, 0.32; GCF_003111625.1, s__Methanobrevibacter_A thaueri, 95.0, 78.94, 0.16; GCF_001548675.1, s__Methanobrevibacter_A sp001548675, 95.0, 78.8, 0.2; GCF_003814835.1, s__Methanobrevibacter_A gottschalkii, 95.0, 78.69, 0.27; GCA_900320515.1, s__Methanobrevibacter_A sp900320515, 95.0, 78.51, 0.12; GCA_900319535.1, s__Methanobrevibacter_A sp900319535, 95.0, 78.43, 0.23; GCA_900314615.1, s__Methanobrevibacter_A sp900314615, 95.0, 78.42, 0.19; GCF_001639275.1, s__Methanobrevibacter_A oralis, 95.0, 78.39, 0.28; GCA_900317865.1, s__Methanobrevibacter_A sp900317865, 95.0, 78.2, 0.21; GCA_900313645.1, s__Methanobrevibacter_A sp900313645, 95.0, 78.13, 0.24; GCA_900316895.1, s__Methanobrevibacter_A sp900316895, 95.0, 77.89, 0.17; GCA_900318035.1, s__Methanobrevibacter_A sp900318035, 95.0, 77.82, 0.18; GCA_900320955.1, s__Methanobrevibacter_A sp900320955, 95.0, 77.69, 0.18; GCA_900319985.1, s__Methanobrevibacter_A sp900319985, 95.0, 77.68, 0.18	95.41	11	0.9632813030178919	Genome not assigned to closest species as it falls outside its pre-defined ANI radius
1915474.3.patric.fna	d__Archaea;p__Methanobacteriota;c__Methanobacteria;o__Methanobacteriales;f__Methanobacteriaceae;g__Methanobrevibacter;s__	N/A	N/A	N/A	N/A	N/A	GCA_004553595.1	95.0	d__Archaea;p__Methanobacteriota;c__Methanobacteria;o__Methanobacteriales;f__Methanobacteriaceae;g__Methanobrevibacter;s__Methanobrevibacter ruminantium_A	92.02	0.77	d__Archaea;p__Methanobacteriota;c__Methanobacteria;o__Methanobacteriales;f__Methanobacteriaceae;g__Methanobrevibacter;s__	taxonomic classification defined by topology and ANI	N/A	GCF_900114585.1, s__Methanobrevibacter olleyae, 95.0, 81.65, 0.64; GCA_900314635.1, s__Methanobrevibacter sp900314635, 95.0, 81.26, 0.41; GCF_000024185.1, s__Methanobrevibacter ruminantium, 95.0, 80.81, 0.57; GCA_900321995.1, s__Methanobrevibacter sp900321995, 95.0, 79.94, 0.42	44.63	11	0.9919634262531155	Genome not assigned to closest species as it falls outside its pre-defined ANI radius
2524023089.img.fna	d__Archaea;p__Methanobacteriota;c__Methanobacteria;o__Methanobacteriales;f__Methanobacteriaceae;g__Methanobrevibacter;s__	N/A	N/A	N/A	N/A	N/A	GCA_004553595.1	95.0	d__Archaea;p__Methanobacteriota;c__Methanobacteria;o__Methanobacteriales;f__Methanobacteriaceae;g__Methanobrevibacter;s__Methanobrevibacter ruminantium_A	91.95	0.88	d__Archaea;p__Methanobacteriota;c__Methanobacteria;o__Methanobacteriales;f__Methanobacteriaceae;g__Methanobrevibacter;s__	taxonomic classification defined by topology and ANI	N/A	GCF_900114585.1, s__Methanobrevibacter olleyae, 95.0, 82.67, 0.74; GCF_000024185.1, s__Methanobrevibacter ruminantium, 95.0, 81.09, 0.71; GCA_900321995.1, s__Methanobrevibacter sp900321995, 95.0, 80.62, 0.56; GCA_900314635.1, s__Methanobrevibacter sp900314635, 95.0, 79.19, 0.37	97.07	11	0.9900132629964924	Genome not assigned to closest species as it falls outside its pre-defined ANI radius
